PERIOD_BEGIN,PERIOD_END,PERIOD_DURATION,REGION_TYPE,REGION_TYPE_ID,TABLE_ID,IS_SEASONALLY_ADJUSTED,REGION,CITY,STATE,STATE_CODE,PROPERTY_TYPE,PROPERTY_TYPE_ID,MEDIAN_SALE_PRICE,MEDIAN_SALE_PRICE_MOM,MEDIAN_SALE_PRICE_YOY,MEDIAN_LIST_PRICE,MEDIAN_LIST_PRICE_MOM,MEDIAN_LIST_PRICE_YOY,MEDIAN_PPSF,MEDIAN_PPSF_MOM,MEDIAN_PPSF_YOY,MEDIAN_LIST_PPSF,MEDIAN_LIST_PPSF_MOM,MEDIAN_LIST_PPSF_YOY,HOMES_SOLD,HOMES_SOLD_MOM,HOMES_SOLD_YOY,PENDING_SALES,PENDING_SALES_MOM,PENDING_SALES_YOY,NEW_LISTINGS,NEW_LISTINGS_MOM,NEW_LISTINGS_YOY,INVENTORY,INVENTORY_MOM,INVENTORY_YOY,MONTHS_OF_SUPPLY,MONTHS_OF_SUPPLY_MOM,MONTHS_OF_SUPPLY_YOY,MEDIAN_DOM,MEDIAN_DOM_MOM,MEDIAN_DOM_YOY,AVG_SALE_TO_LIST,AVG_SALE_TO_LIST_MOM,AVG_SALE_TO_LIST_YOY,SOLD_ABOVE_LIST,SOLD_ABOVE_LIST_MOM,SOLD_ABOVE_LIST_YOY,PRICE_DROPS,PRICE_DROPS_MOM,PRICE_DROPS_YOY,OFF_MARKET_IN_TWO_WEEKS,OFF_MARKET_IN_TWO_WEEKS_MOM,OFF_MARKET_IN_TWO_WEEKS_YOY,PARENT_METRO_REGION,PARENT_METRO_REGION_METRO_CODE,LAST_UPDATED
2025-12-01,2025-12-31,30,place,6,31668,False,"East Honolulu, HI",East Honolulu,Hawaii,HI,All Residential,-1,1295000.0,0.154960981,0.003875968992,1274000.0,0.0,0.1054229935,794.845062068,-0.06216800995,-0.01401362539,789.102295455,0.01785312255,-0.0116847555,28.0,-0.2222222222,-0.03448275862,35.0,-0.1860465116,0.2962962963,28.0,0.1666666667,-0.1764705882,155.0,-0.1142857143,0.006493506494,5.5,0.6,0.2,71.0,-3.0,-5.0,0.9635363277,-0.01044372098,-0.02368024068,0.2142857143,0.04761904762,-0.0960591133,0.06451612903,-0.1011981567,-0.03937997486,0.1714285714,-0.08438538206,-0.1619047619,"Honolulu, HI",46520,2026-01-12 14:43:38.223 Z
2025-12-01,2025-12-31,30,place,6,31668,False,"East Honolulu, HI",East Honolulu,Hawaii,HI,Single Family Residential,6,1777500.0,0.09384615385,0.0008445945946,1274000.0,0.0,0.1054229935,855.489522903,-0.06082128464,-0.1355053242,789.102295455,0.01785312255,-0.0116847555,16.0,-0.3043478261,-0.05882352941,21.0,-0.16,0.6153846154,16.0,0.3333333333,-0.1111111111,75.0,-0.1071428571,0.0,4.7,1.0,0.3,76.0,-1.0,27.0,0.9650375322,-0.003981621869,-0.03423418002,0.3125,0.05163043478,-0.09926470588,0.02666666667,-0.08047619048,-0.06666666667,0.2380952381,-0.0419047619,-0.1465201465,"Honolulu, HI",46520,2026-01-12 14:43:38.223 Z
2025-12-01,2025-12-31,30,place,6,31668,False,"East Honolulu, HI",East Honolulu,Hawaii,HI,Condo/Co-op,3,602750.0,-0.299127907,-0.1691936595,1274000.0,0.0,0.1054229935,479.768786127,-0.2904532142,-0.1805455367,789.102295455,0.01785312255,-0.0116847555,12.0,-0.07692307692,0.0,14.0,-0.2222222222,0.0,12.0,0.0,-0.25,80.0,-0.1208791209,0.03896103896,6.7,-0.3,0.3,67.0,-3.0,-41.0,0.9615347218,-0.02122229439,-0.00860372624,0.08333333333,0.08333333333,-0.08333333333,0.1,-0.1197802198,-0.02987012987,0.07142857143,-0.1507936508,-0.2142857143,"Honolulu, HI",46520,2026-01-12 14:43:38.223 Z
2025-11-01,2025-11-30,30,place,6,31668,False,"East Honolulu, HI",East Honolulu,Hawaii,HI,Single Family Residential,6,1625000.0,-0.1216216216,-0.09217877095,1274000.0,0.107826087,-0.03117870722,910.891089109,0.008811881188,-0.0232091272,775.261457644,-0.07515042048,-0.05884396704,23.0,-0.2580645161,0.09523809524,25.0,-0.2424242424,-0.1379310345,12.0,-0.5,-0.3684210526,84.0,-0.1063829787,0.05,3.7,0.7,-0.1,77.0,11.0,4.0,0.9690191541,-0.01779759917,-0.0003208409003,0.2608695652,-0.06171107994,0.02277432712,0.1071428571,-0.1375379939,-0.01785714286,0.28,-0.1442424242,-0.1337931034,"Honolulu, HI",46520,2026-01-12 14:43:38.223 Z
2025-11-01,2025-11-30,30,place,6,31668,False,"East Honolulu, HI",East Honolulu,Hawaii,HI,Condo/Co-op,3,860000.0,0.0,-0.03153153153,1274000.0,0.107826087,-0.03117870722,676.162299239,-0.1113061043,-0.05318834957,775.261457644,-0.07515042048,-0.05884396704,13.0,-0.2352941176,0.3,18.0,0.05882352941,0.3846153846,12.0,-0.4782608696,-0.2,91.0,-0.09900990099,0.1518987342,7.0,1.1,-0.9,70.0,4.0,12.0,0.9827570162,0.002104465167,-0.01618223984,0.0,-0.1764705882,-0.4,0.2197802198,0.0118594277,0.04256502991,0.2222222222,-0.1895424837,-0.08547008547,"Honolulu, HI",46520,2026-01-12 14:43:38.223 Z
2025-11-01,2025-11-30,30,place,6,31668,False,"East Honolulu, HI",East Honolulu,Hawaii,HI,All Residential,-1,1121250.0,-0.286963434,-0.2835463259,1274000.0,0.107826087,-0.03117870722,847.53460161,0.03534618734,-0.002304376583,775.261457644,-0.07515042048,-0.05884396704,36.0,-0.25,0.1612903226,43.0,-0.14,0.02380952381,24.0,-0.4893617021,-0.2941176471,175.0,-0.1025641026,0.08695652174,4.9,0.8,-0.3,74.0,8.0,9.0,0.9739800487,-0.0107382527,-0.004908094975,0.1666666667,-0.1041666667,-0.123655914,0.1657142857,-0.05992673993,0.01043478261,0.2558139535,-0.1641860465,-0.1251384275,"Honolulu, HI",46520,2026-01-12 14:43:38.223 Z
2025-10-01,2025-10-31,30,place,6,31668,False,"East Honolulu, HI",East Honolulu,Hawaii,HI,Single Family Residential,6,1850000.0,0.2171052632,0.05714285714,1150000.0,-0.146884273,-0.2866004963,902.934537246,0.01264636371,0.1104661579,838.256809339,0.04260167682,-0.005556334255,31.0,0.7222222222,0.24,33.0,0.2222222222,0.375,24.0,-0.2,0.04347826087,94.0,-0.1214953271,0.08045977011,3.0,-2.9,-0.5,66.0,8.0,10.0,0.9868167533,0.0132752864,0.00268055482,0.3225806452,0.04480286738,0.1225806452,0.2446808511,0.1044939352,0.1067498166,0.4242424242,0.01683501684,-0.03409090909,"Honolulu, HI",46520,2026-01-12 14:43:38.223 Z
2025-10-01,2025-10-31,30,place,6,31668,False,"East Honolulu, HI",East Honolulu,Hawaii,HI,Condo/Co-op,3,860000.0,-0.1421446384,0.1278688525,1150000.0,-0.146884273,-0.2866004963,760.849492151,0.105793227,-0.02611265005,838.256809339,0.04260167682,-0.005556334255,17.0,0.4166666667,0.4166666667,17.0,-0.1904761905,0.3076923077,23.0,0.0,0.3529411765,101.0,0.0,0.3116883117,5.9,-2.5,-0.5,66.0,-54.0,-18.0,0.980652551,-0.004021685465,-0.004527116011,0.1764705882,0.1764705882,0.0931372549,0.2079207921,0.0495049505,-0.05181946766,0.4117647059,0.1260504202,0.02714932127,"Honolulu, HI",46520,2026-01-12 14:43:38.223 Z
2025-10-01,2025-10-31,30,place,6,31668,False,"East Honolulu, HI",East Honolulu,Hawaii,HI,All Residential,-1,1572500.0,0.2100808003,0.152014652,1150000.0,-0.146884273,-0.2866004963,818.600205395,0.04974057862,0.01527334543,838.256809339,0.04260167682,-0.005556334255,48.0,0.6,0.2972972973,50.0,0.04166666667,0.3513513514,47.0,-0.1132075472,0.175,195.0,-0.0625,0.1746987952,4.1,-2.8,-0.4,66.0,-12.0,-2.0,0.9847183014,0.006723726725,0.0002436807476,0.2708333333,0.1041666667,0.1086711712,0.2256410256,0.0766025641,0.0328699413,0.42,0.06583333333,-0.01243243243,"Honolulu, HI",46520,2026-01-12 14:43:38.223 Z
2025-09-01,2025-09-30,30,place,6,31668,False,"East Honolulu, HI",East Honolulu,Hawaii,HI,Condo/Co-op,3,1002500.0,0.2770700637,0.07506702413,1348000.0,-0.02495479204,-0.05070422535,688.057652711,0.1564320724,-0.1121855071,804.004854369,-0.03226536801,0.01469535723,12.0,-0.3333333333,-0.3333333333,21.0,0.6153846154,0.5,23.0,-0.04166666667,0.09523809524,101.0,0.0306122449,0.3835616438,8.4,3.0,4.3,120.0,1.0,54.0,0.9846742365,0.03428303649,0.01006258689,0.0,-0.05555555556,-0.1111111111,0.1584158416,-0.07627803597,-0.06076224061,0.2857142857,0.05494505495,-0.1428571429,"Honolulu, HI",46520,2026-01-12 14:43:38.223 Z
2025-09-01,2025-09-30,30,place,6,31668,False,"East Honolulu, HI",East Honolulu,Hawaii,HI,All Residential,-1,1299500.0,0.006194347658,-0.02146084337,1348000.0,-0.02495479204,-0.05070422535,779.811909784,0.03468497979,-0.06474732158,804.004854369,-0.03226536801,0.01469535723,30.0,-0.3181818182,-0.2682926829,48.0,0.06666666667,-0.09433962264,53.0,-0.05357142857,0.03921568627,208.0,0.04522613065,0.2307692308,6.9,2.4,2.8,78.0,-8.0,14.0,0.9779945747,0.009048477854,-0.01109959407,0.1666666667,-0.03787878788,-0.1016260163,0.1490384615,-0.02684093545,-0.01664201183,0.3541666667,0.02083333333,-0.04205974843,"Honolulu, HI",46520,2026-01-12 14:43:38.223 Z
2025-09-01,2025-09-30,30,place,6,31668,False,"East Honolulu, HI",East Honolulu,Hawaii,HI,Single Family Residential,6,1520000.0,-0.1666666667,0.01672240803,1348000.0,-0.02495479204,-0.05070422535,891.658302057,-0.06413986619,0.0525917517,804.004854369,-0.03226536801,0.01469535723,18.0,-0.3076923077,-0.2173913043,27.0,-0.15625,-0.3076923077,30.0,-0.0625,0.0,107.0,0.05940594059,0.1382978723,5.9,2.0,1.8,58.0,-11.0,0.0,0.9735414669,-0.008250327826,-0.02688684736,0.2777777778,-0.02991452991,-0.11352657,0.1401869159,0.0213750347,0.01252734142,0.4074074074,0.03240740741,0.02279202279,"Honolulu, HI",46520,2026-01-12 14:43:38.223 Z
2025-08-01,2025-08-31,30,place,6,31668,False,"East Honolulu, HI",East Honolulu,Hawaii,HI,All Residential,-1,1291500.0,-0.1093103448,-0.2052307692,1382500.0,0.05153070926,0.003629764065,753.670851528,-0.09978203845,-0.03676002782,830.811286265,-0.06738265303,0.07599292808,44.0,0.07317073171,0.4193548387,45.0,-0.08163265306,0.09756097561,56.0,0.1428571429,0.03703703704,199.0,0.0,0.1436781609,4.5,-0.4,-1.1,86.0,11.0,27.0,0.9689460968,-0.01736768049,-0.01618065312,0.2045454545,-0.06374722838,-0.0857771261,0.175879397,-0.02010050251,0.01495985676,0.3333333333,0.04761904762,0.06504065041,"Honolulu, HI",46520,2026-01-12 14:43:38.223 Z
2025-08-01,2025-08-31,30,place,6,31668,False,"East Honolulu, HI",East Honolulu,Hawaii,HI,Single Family Residential,6,1824000.0,0.04228571429,0.004958677686,1382500.0,0.05153070926,0.003629764065,952.768763024,0.0442440682,0.1547339476,830.811286265,-0.06738265303,0.07599292808,26.0,0.2380952381,0.3,32.0,0.1851851852,0.6,32.0,0.06666666667,0.1428571429,101.0,-0.009803921569,0.05208333333,3.9,-1.0,-0.9,69.0,7.0,7.0,0.9817917947,-0.02192843291,0.006012968509,0.3076923077,-0.07326007326,0.007692307692,0.1188118812,-0.07726655018,-0.07910478548,0.375,-0.03240740741,0.025,"Honolulu, HI",46520,2026-01-12 14:43:38.223 Z
2025-08-01,2025-08-31,30,place,6,31668,False,"East Honolulu, HI",East Honolulu,Hawaii,HI,Condo/Co-op,3,785000.0,-0.1277777778,0.09027777778,1382500.0,0.05153070926,0.003629764065,594.983198025,-0.2205720106,-0.1929775223,830.811286265,-0.06738265303,0.07599292808,18.0,-0.05263157895,0.6363636364,13.0,-0.4090909091,-0.380952381,24.0,0.2631578947,-0.04,98.0,0.01030927835,0.2894736842,5.4,0.3,-1.5,119.0,26.0,72.0,0.9503912,-0.01541110471,-0.05173177508,0.05555555556,-0.04970760234,-0.2171717172,0.2346938776,0.04912686724,0.1162728249,0.2307692308,0.09440559441,0.04029304029,"Honolulu, HI",46520,2026-01-12 14:43:38.223 Z
2025-07-01,2025-07-31,30,place,6,31668,False,"East Honolulu, HI",East Honolulu,Hawaii,HI,Single Family Residential,6,1750000.0,0.02941176471,0.0447761194,1314750.0,-0.1125548431,0.09745409015,912.400455063,-0.03132735924,0.03043814329,890.838336825,0.04752866146,0.1871875725,21.0,-0.275862069,-0.1923076923,27.0,-0.1290322581,-0.06896551724,30.0,-0.09090909091,-0.03225806452,102.0,0.0,0.1208791209,4.9,1.4,1.4,62.0,0.0,21.0,1.003720228,0.00592219193,0.01906143,0.380952381,0.001642036125,0.07326007326,0.1960784314,0.0,0.0642102995,0.4074074074,0.1493428913,-0.07535121328,"Honolulu, HI",46520,2026-01-12 14:43:38.223 Z
2025-07-01,2025-07-31,30,place,6,31668,False,"East Honolulu, HI",East Honolulu,Hawaii,HI,Townhouse,13,1273000.0,,,,,,1324.661810614,,,,,,1.0,,,,,,,,,,,,,,,70.0,,,1.010496302,,,1.0,,,,,,,,,"Honolulu, HI",46520,2026-01-12 14:43:38.223 Z
2025-07-01,2025-07-31,30,place,6,31668,False,"East Honolulu, HI",East Honolulu,Hawaii,HI,All Residential,-1,1450000.0,-0.06451612903,0.0,1314750.0,-0.1125548431,0.09745409015,837.209302326,-6.881124771e-05,0.01354445917,890.838336825,0.04752866146,0.1871875725,41.0,-0.1086956522,0.025,49.0,-0.125,0.04255319149,49.0,-0.02,-0.2461538462,199.0,-0.0197044335,0.2675159236,4.9,0.5,1.0,75.0,14.0,28.0,0.9863137773,-0.007727667916,0.005644875928,0.2682926829,-0.03605514316,-0.006707317073,0.1959798995,-0.01091665223,0.06222193771,0.2857142857,0.01785714286,-0.1398176292,"Honolulu, HI",46520,2026-01-12 14:43:38.223 Z
2025-07-01,2025-07-31,30,place,6,31668,False,"East Honolulu, HI",East Honolulu,Hawaii,HI,Condo/Co-op,3,900000.0,0.08827085852,-0.1509834442,1314750.0,-0.1125548431,0.09745409015,763.358778626,0.0627443679,0.09899629519,890.838336825,0.04752866146,0.1871875725,19.0,0.1176470588,0.3571428571,22.0,-0.12,0.2941176471,19.0,0.1176470588,-0.4411764706,97.0,-0.0202020202,0.4923076923,5.1,-0.7,0.5,93.0,34.0,32.0,0.9658023047,-0.02183083927,-0.007456789515,0.1052631579,-0.07120743034,-0.1090225564,0.1855670103,-0.03665521191,0.04710547185,0.1363636364,-0.1436363636,-0.2165775401,"Honolulu, HI",46520,2026-01-12 14:43:38.223 Z
2025-06-01,2025-06-30,30,place,6,31668,False,"East Honolulu, HI",East Honolulu,Hawaii,HI,All Residential,-1,1550000.0,0.2653061224,0.2156862745,1481500.0,0.06621086722,0.1068360105,837.266915707,0.1207020562,-0.02414890747,850.419057351,-0.004839418754,0.02926857549,46.0,0.6428571429,0.2105263158,56.0,-0.01754385965,0.5555555556,50.0,-0.07407407407,-0.1071428571,203.0,-0.07305936073,0.5615384615,4.4,-3.4,1.0,61.0,-7.0,4.0,0.9940414452,0.005614083105,0.005041729118,0.3043478261,0.0900621118,0.04118993135,0.2068965517,0.06534404031,0.09920424403,0.2678571429,-0.06547619048,-0.2876984127,"Honolulu, HI",46520,2026-01-12 14:43:38.223 Z
2025-06-01,2025-06-30,30,place,6,31668,False,"East Honolulu, HI",East Honolulu,Hawaii,HI,Condo/Co-op,3,827000.0,-0.02705882353,-0.1155080214,1481500.0,0.06621086722,0.1068360105,718.290119131,0.3792831074,-0.06903762499,850.419057351,-0.004839418754,0.02926857549,17.0,0.5454545455,-0.1052631579,25.0,0.25,1.083333333,17.0,-0.2272727273,-0.2916666667,99.0,-0.1391304348,1.25,5.8,-4.7,3.5,59.0,-9.0,12.0,0.987633144,0.008882398044,-0.0001724133884,0.1764705882,0.08556149733,-0.03405572755,0.2222222222,0.02222222222,0.1767676768,0.28,0.18,-0.3033333333,"Honolulu, HI",46520,2026-01-12 14:43:38.223 Z
2025-06-01,2025-06-30,30,place,6,31668,False,"East Honolulu, HI",East Honolulu,Hawaii,HI,Single Family Residential,6,1700000.0,0.08280254777,0.1006841075,1481500.0,0.06621086722,0.1068360105,941.907943578,0.1441110076,-0.01099665924,850.419057351,-0.004839418754,0.02926857549,29.0,0.7058823529,0.5263157895,31.0,-0.1388888889,0.2916666667,33.0,0.06451612903,0.06451612903,102.0,0.0,0.2,3.5,-2.5,-1.0,62.0,-13.0,0.0,0.9977980357,0.003109333604,0.007604160746,0.3793103448,0.08519269777,0.06352087114,0.1960784314,0.1176470588,0.05490196078,0.2580645161,-0.1863799283,-0.2836021505,"Honolulu, HI",46520,2026-01-12 14:43:38.223 Z
2025-05-01,2025-05-31,30,place,6,31668,False,"East Honolulu, HI",East Honolulu,Hawaii,HI,Condo/Co-op,3,850000.0,0.08695652174,-0.05555555556,1389500.0,0.1701052632,-0.005368647101,520.770620108,-0.2254644768,-0.212569725,854.554604932,0.05915126045,0.01408575795,11.0,-0.2142857143,-0.2666666667,20.0,-0.2,-0.2592592593,22.0,-0.3125,0.1578947368,115.0,0.05504587156,1.738095238,10.5,2.7,7.7,68.0,-29.0,33.0,0.9787507459,0.01084083737,-0.01705255268,0.09090909091,-0.05194805195,-0.3757575758,0.2,-0.1027522936,0.009523809524,0.1,-0.22,-0.3444444444,"Honolulu, HI",46520,2026-01-12 14:43:38.223 Z
2025-05-01,2025-05-31,30,place,6,31668,False,"East Honolulu, HI",East Honolulu,Hawaii,HI,Single Family Residential,6,1570000.0,-0.04848484848,-0.2736525561,1389500.0,0.1701052632,-0.005368647101,823.266219239,-0.05461632378,-0.05214744427,854.554604932,0.05915126045,0.01408575795,17.0,-0.4516129032,-0.2916666667,36.0,0.2,0.44,31.0,-0.1388888889,0.06896551724,102.0,0.09677419355,0.275,6.0,3.0,2.7,75.0,-3.0,19.0,0.9946887021,0.0281269855,0.0133120464,0.2941176471,0.003795066414,-0.1642156863,0.07843137255,-0.07210626186,0.003431372549,0.4444444444,0.01111111111,0.04444444444,"Honolulu, HI",46520,2026-01-12 14:43:38.223 Z
2025-05-01,2025-05-31,30,place,6,31668,False,"East Honolulu, HI",East Honolulu,Hawaii,HI,All Residential,-1,1225000.0,-0.125,-0.1833333333,1389500.0,0.1701052632,-0.005368647101,747.091442452,-0.06651514579,-0.05297265723,854.554604932,0.05915126045,0.01408575795,28.0,-0.3777777778,-0.2820512821,57.0,0.03636363636,0.09615384615,54.0,-0.2058823529,0.125,219.0,0.07881773399,0.7950819672,7.8,3.3,4.7,68.0,-23.0,17.0,0.9884273621,0.02144620808,0.001501997666,0.2142857143,-0.03015873016,-0.2472527473,0.1415525114,-0.08997458218,0.02679841305,0.3333333333,-0.04848484848,-0.08974358974,"Honolulu, HI",46520,2026-01-12 14:43:38.223 Z
2025-04-01,2025-04-30,30,place,6,31668,False,"East Honolulu, HI",East Honolulu,Hawaii,HI,Single Family Residential,6,1650000.0,-0.1017964072,-0.01492537313,1187500.0,-0.0306122449,-0.246031746,870.827622637,-0.09579318604,0.1221046008,806.82961617,0.05530975158,-0.03678890758,31.0,0.1071428571,0.24,30.0,0.1111111111,0.0,36.0,0.3333333333,0.1612903226,93.0,0.0,0.1204819277,3.0,-0.3,-0.3,78.0,23.0,4.0,0.9665617166,-0.03063846706,-0.01886554768,0.2903225806,0.004608294931,-0.06967741935,0.1505376344,0.05376344086,0.05415209224,0.4333333333,0.137037037,-0.1666666667,"Honolulu, HI",46520,2026-01-12 14:43:38.223 Z
2025-04-01,2025-04-30,30,place,6,31668,False,"East Honolulu, HI",East Honolulu,Hawaii,HI,Condo/Co-op,3,782000.0,0.01558441558,0.06105834464,1187500.0,-0.0306122449,-0.246031746,672.3650556,-0.08247630579,-0.005345562323,806.82961617,0.05530975158,-0.03678890758,14.0,0.1666666667,0.0,25.0,0.5625,0.1363636364,32.0,0.1428571429,0.6842105263,109.0,0.07920792079,1.658536585,7.8,-0.6,4.9,97.0,12.0,17.0,0.9679099085,-0.01506712537,-0.01013907814,0.1428571429,-0.1071428571,-0.1428571429,0.3027522936,0.0750295213,0.1808010741,0.32,0.07,-0.1345454545,"Honolulu, HI",46520,2026-01-12 14:43:38.223 Z
2025-04-01,2025-04-30,30,place,6,31668,False,"East Honolulu, HI",East Honolulu,Hawaii,HI,All Residential,-1,1400000.0,-0.07742998353,0.07858243451,1187500.0,-0.0306122449,-0.246031746,800.325189082,-0.03338433812,0.05803608008,806.82961617,0.05530975158,-0.03678890758,45.0,0.125,0.09756097561,55.0,0.2790697674,0.05769230769,68.0,0.2363636364,0.36,203.0,0.04102564103,0.6370967742,4.5,-0.4,1.5,91.0,27.0,17.0,0.9669811541,-0.02595208464,-0.01852261901,0.2444444444,-0.03055555556,-0.1214092141,0.2315270936,0.07255273462,0.1266883839,0.3818181818,0.1027484144,-0.1566433566,"Honolulu, HI",46520,2026-01-12 14:43:38.223 Z
2025-03-01,2025-03-31,30,place,6,31668,False,"East Honolulu, HI",East Honolulu,Hawaii,HI,Single Family Residential,6,1837000.0,-0.1185220729,0.07270072993,1225000.0,-0.08547965659,-0.02739182215,963.084561179,-0.01512443461,-0.0791645163,764.542936288,-0.05136711748,0.06616285065,28.0,2.111111111,0.5555555556,27.0,-0.25,0.125,27.0,-0.06896551724,0.08,93.0,-0.01063829787,0.2236842105,3.3,-7.1,-0.9,55.0,-24.0,-3.0,0.9972001836,-0.004442179933,-0.001525692593,0.2857142857,0.1746031746,-0.1031746032,0.09677419355,-0.02024708305,0.00466893039,0.2962962963,-0.1759259259,-0.1203703704,"Honolulu, HI",46520,2026-01-12 14:43:38.223 Z
2025-03-01,2025-03-31,30,place,6,31668,False,"East Honolulu, HI",East Honolulu,Hawaii,HI,All Residential,-1,1517500.0,0.06444541868,0.1137614679,1225000.0,-0.08547965659,-0.02739182215,827.966295853,-0.005462483138,-0.06530114339,764.542936288,-0.05136711748,0.06616285065,40.0,1.222222222,0.5384615385,43.0,-0.14,0.02380952381,55.0,0.05769230769,0.25,195.0,0.04838709677,0.6666666667,4.9,-5.4,0.4,64.0,-6.0,-3.0,0.9929332387,0.002960381115,-0.0016681166,0.275,0.1638888889,-0.03269230769,0.158974359,0.02456575682,0.04786324786,0.2790697674,-0.1009302326,-0.1971207087,"Honolulu, HI",46520,2026-01-12 14:43:38.223 Z
2025-03-01,2025-03-31,30,place,6,31668,False,"East Honolulu, HI",East Honolulu,Hawaii,HI,Condo/Co-op,3,770000.0,-0.1683767145,0.06206896552,1225000.0,-0.08547965659,-0.02739182215,732.804024401,0.02032458429,0.4418698276,764.542936288,-0.05136711748,0.06616285065,12.0,0.3333333333,0.5,16.0,0.1428571429,0.0,28.0,0.2173913043,0.6470588235,101.0,0.1222222222,1.58974359,8.4,-1.6,3.5,85.0,17.0,6.0,0.9829770339,0.004673682279,-0.002344149358,0.25,0.1388888889,0.125,0.2277227723,0.07216721672,0.07387661843,0.25,0.1071428571,-0.25,"Honolulu, HI",46520,2026-01-12 14:43:38.223 Z
2025-02-01,2025-02-28,30,place,6,31668,False,"East Honolulu, HI",East Honolulu,Hawaii,HI,Single Family Residential,6,2084000.0,0.1847640705,0.1264864865,1339500.0,0.03436293436,-0.09001358696,977.874357961,0.1969182141,0.1289135598,805.941845765,0.000829546504,-0.006800092838,9.0,-0.4,-0.4705882353,36.0,1.571428571,0.125,29.0,-0.06451612903,0.45,94.0,0.09302325581,0.2368421053,10.4,4.7,5.9,79.0,19.0,-13.0,1.001642364,0.03135393231,0.0208757115,0.1111111111,-0.08888888889,-0.1241830065,0.1170212766,-0.04576942108,-0.04087346025,0.4722222222,0.3293650794,0.1597222222,"Honolulu, HI",46520,2026-01-12 14:43:38.223 Z
2025-02-01,2025-02-28,30,place,6,31668,False,"East Honolulu, HI",East Honolulu,Hawaii,HI,All Residential,-1,1425625.0,0.07189849624,0.09663461538,1339500.0,0.03436293436,-0.09001358696,832.513888934,0.1109426559,0.1033767293,805.941845765,0.000829546504,-0.006800092838,18.0,-0.3076923077,-0.4375,50.0,0.724137931,0.1363636364,52.0,-0.08771929825,1.166666667,186.0,0.08771929825,0.6909090909,10.3,3.7,6.9,70.0,1.0,-18.0,0.9899728576,0.02485295253,0.006886785422,0.1111111111,-0.04273504274,-0.1701388889,0.1344086022,-0.05857385399,-0.0110459433,0.38,0.2420689655,0.13,"Honolulu, HI",46520,2026-01-12 14:43:38.223 Z
2025-02-01,2025-02-28,30,place,6,31668,False,"East Honolulu, HI",East Honolulu,Hawaii,HI,Condo/Co-op,3,925900.0,0.2512162162,0.3246065808,1339500.0,0.03436293436,-0.09001358696,718.206770357,0.1762756554,0.02488208618,805.941845765,0.000829546504,-0.006800092838,9.0,-0.1818181818,-0.4,14.0,-0.06666666667,0.1666666667,23.0,-0.1153846154,4.75,90.0,0.0843373494,1.647058824,10.0,2.5,7.7,68.0,-36.0,-15.0,0.9783033516,0.02023143681,-0.007411396669,0.1111111111,0.0202020202,-0.2222222222,0.1555555556,-0.06131191432,0.008496732026,0.1428571429,0.009523809524,0.05952380952,"Honolulu, HI",46520,2026-01-12 14:43:38.223 Z
2025-01-01,2025-01-31,30,place,6,31668,False,"East Honolulu, HI",East Honolulu,Hawaii,HI,All Residential,-1,1330000.0,0.03100775194,-0.05,1295000.0,0.1236442516,0.05456026059,749.376112706,-0.07041677448,-0.06990477838,805.273833671,0.008569371044,-0.06414122033,26.0,-0.1034482759,0.2380952381,29.0,0.07407407407,-0.1944444444,57.0,0.6764705882,0.5405405405,171.0,0.1103896104,0.425,6.6,1.3,0.9,69.0,-7.0,4.0,0.9651199051,-0.02209666336,-0.02513445749,0.1538461538,-0.1564986737,-0.1318681319,0.1929824561,0.08908635224,0.01798245614,0.1379310345,-0.1954022989,-0.1120689655,"Honolulu, HI",46520,2026-01-12 14:43:38.223 Z
2025-01-01,2025-01-31,30,place,6,31668,False,"East Honolulu, HI",East Honolulu,Hawaii,HI,Single Family Residential,6,1759000.0,-0.009572072072,0.1080314961,1295000.0,0.1236442516,0.05456026059,816.993464052,-0.1744066047,-0.01909119731,805.273833671,0.008569371044,-0.06414122033,15.0,-0.1176470588,-0.0625,14.0,0.07692307692,-0.3636363636,31.0,0.7222222222,0.6315789474,86.0,0.1466666667,0.1168831169,5.7,1.3,0.9,60.0,11.0,-22.0,0.9702884312,-0.02898328099,-0.01590774648,0.2,-0.2117647059,-0.05,0.1627906977,0.06945736434,-0.0579885231,0.1428571429,-0.2417582418,-0.03896103896,"Honolulu, HI",46520,2026-01-12 14:43:38.223 Z
2025-01-01,2025-01-31,30,place,6,31668,False,"East Honolulu, HI",East Honolulu,Hawaii,HI,Condo/Co-op,3,740000.0,0.0199862164,-0.075,1295000.0,0.1236442516,0.05456026059,610.576923077,0.04287731773,-0.06847060008,805.273833671,0.008569371044,-0.06414122033,11.0,-0.08333333333,1.2,15.0,0.07142857143,0.07142857143,26.0,0.625,0.4444444444,83.0,0.07792207792,0.9302325581,7.5,1.1,-1.1,104.0,-4.0,42.0,0.9580719148,-0.0120665332,-0.04516863922,0.09090909091,-0.07575757576,-0.3090909091,0.2168674699,0.08699734001,0.1005884001,0.1333333333,-0.1523809524,-0.2238095238,"Honolulu, HI",46520,2026-01-12 14:43:38.223 Z
2024-12-01,2024-12-31,30,place,6,31668,False,"East Honolulu, HI",East Honolulu,Hawaii,HI,All Residential,-1,1290000.0,-0.1757188498,-0.1456953642,1152500.0,-0.1235741445,-0.3109118087,806.142034549,-0.05103062672,-0.1344965975,798.431775534,-0.03071554113,0.04564991048,29.0,-0.06451612903,0.380952381,27.0,-0.3571428571,-0.03571428571,34.0,0.0,0.3076923077,154.0,-0.04347826087,0.3628318584,5.3,0.1,-0.1,76.0,11.0,18.0,0.9872165684,0.008328424721,0.02758097189,0.3103448276,0.02002224694,0.2151067323,0.1038961039,-0.05138339921,0.0242500862,0.3333333333,-0.04761904762,0.04761904762,"Honolulu, HI",46520,2026-01-12 14:43:38.223 Z
2024-12-01,2024-12-31,30,place,6,31668,False,"East Honolulu, HI",East Honolulu,Hawaii,HI,Condo/Co-op,3,725500.0,-0.1829954955,-0.2730460922,1152500.0,-0.1235741445,-0.3109118087,585.473394326,-0.1801775529,-0.145255776,798.431775534,-0.03071554113,0.04564991048,12.0,0.2,1.4,14.0,0.07692307692,0.75,16.0,0.06666666667,1.0,77.0,-0.0253164557,1.138888889,6.4,-1.5,-0.8,108.0,50.0,51.0,0.970138448,-0.02880080799,0.04101393076,0.1666666667,-0.2333333333,-0.03333333333,0.1298701299,-0.04734506,0.01875901876,0.2857142857,-0.02197802198,-0.08928571429,"Honolulu, HI",46520,2026-01-12 14:43:38.223 Z
2024-12-01,2024-12-31,30,place,6,31668,False,"East Honolulu, HI",East Honolulu,Hawaii,HI,Single Family Residential,6,1776000.0,-0.00782122905,0.02068965517,1152500.0,-0.1235741445,-0.3109118087,989.583333333,0.06117622561,0.04705976901,798.431775534,-0.03071554113,0.04564991048,17.0,-0.1904761905,0.0625,13.0,-0.5517241379,-0.35,18.0,-0.05263157895,0.0,75.0,-0.0625,-0.02597402597,4.4,0.6,-0.4,49.0,-24.0,-9.0,0.9992717122,0.02993171725,0.03010140343,0.4117647059,0.1736694678,0.3492647059,0.09333333333,-0.03166666667,0.0283982684,0.3846153846,-0.02917771883,0.1346153846,"Honolulu, HI",46520,2026-01-12 14:43:38.223 Z
2024-11-01,2024-11-30,30,place,6,31668,False,"East Honolulu, HI",East Honolulu,Hawaii,HI,Condo/Co-op,3,888000.0,0.1645901639,0.3875,1315000.0,-0.1842431762,-0.1138814016,714.146577021,-0.08589238141,0.3654664953,823.733186095,-0.02278604832,-0.01341860372,10.0,-0.1666666667,0.0,13.0,0.0,1.166666667,15.0,-0.1176470588,0.6666666667,79.0,0.02597402597,1.323529412,7.9,1.5,4.5,58.0,-26.0,-6.0,0.998939256,0.01375958899,0.035386228,0.4,0.3166666667,0.4,0.1772151899,-0.08252506987,0.05956813105,0.3076923077,-0.07692307692,0.141025641,"Honolulu, HI",46520,2026-01-12 14:43:38.223 Z
2024-11-01,2024-11-30,30,place,6,31668,False,"East Honolulu, HI",East Honolulu,Hawaii,HI,Single Family Residential,6,1790000.0,0.02285714286,0.08484848485,1315000.0,-0.1842431762,-0.1138814016,932.53439858,0.1468692889,-0.01911196594,823.733186095,-0.02278604832,-0.01341860372,21.0,-0.16,0.9090909091,29.0,0.2083333333,0.5263157895,19.0,-0.1739130435,0.2666666667,80.0,-0.08045977011,0.0,3.8,0.3,-3.5,73.0,17.0,15.0,0.969339995,-0.01479620345,0.003718752369,0.2380952381,0.0380952381,0.1471861472,0.125,-0.01293103448,-0.075,0.4137931034,-0.04454022989,0.09800362976,"Honolulu, HI",46520,2026-01-12 14:43:38.223 Z
2024-11-01,2024-11-30,30,place,6,31668,False,"East Honolulu, HI",East Honolulu,Hawaii,HI,All Residential,-1,1565000.0,0.1465201465,0.4558139535,1315000.0,-0.1842431762,-0.1138814016,849.492151431,0.05358724909,0.2991303227,823.733186095,-0.02278604832,-0.01341860372,31.0,-0.1621621622,0.4761904762,42.0,0.1351351351,0.68,34.0,-0.15,0.4166666667,161.0,-0.03012048193,0.4122807018,5.2,0.7,-0.2,65.0,-3.0,2.0,0.9788881437,-0.005586476976,0.01425176519,0.2903225806,0.1281604185,0.242703533,0.1552795031,-0.03749158123,-0.02015909339,0.380952381,-0.05148005148,0.100952381,"Honolulu, HI",46520,2026-01-12 14:43:38.223 Z
2024-10-01,2024-10-31,30,place,6,31668,False,"East Honolulu, HI",East Honolulu,Hawaii,HI,All Residential,-1,1365000.0,0.02786144578,0.1375,1612000.0,0.1352112676,0.08260577569,806.285528008,-0.03299668781,0.05041453403,842.940468337,0.06383409876,0.002221551803,37.0,-0.09756097561,0.3703703704,37.0,-0.3018867925,0.9473684211,40.0,-0.2156862745,-0.04761904762,166.0,-0.01775147929,0.3606557377,4.5,0.4,0.0,68.0,4.0,2.0,0.9844746207,-0.004619548089,0.02650862788,0.1621621622,-0.1061305208,-0.02302302302,0.1927710843,0.02709061096,0.06982026467,0.4324324324,0.03620601734,0.3271692745,"Honolulu, HI",46520,2026-01-12 14:43:38.223 Z
2024-10-01,2024-10-31,30,place,6,31668,False,"East Honolulu, HI",East Honolulu,Hawaii,HI,Condo/Co-op,3,762500.0,-0.18230563,-0.1597796143,1612000.0,0.1352112676,0.08260577569,781.25,0.008062434705,0.111496971,842.940468337,0.06383409876,0.002221551803,12.0,-0.3333333333,0.2,13.0,-0.07142857143,0.8571428571,17.0,-0.1904761905,0.3076923077,77.0,0.05479452055,1.138888889,6.4,2.3,2.8,84.0,18.0,29.0,0.985179667,0.01056801743,-0.008394232874,0.08333333333,-0.02777777778,-0.2166666667,0.2597402597,0.04056217755,0.09307359307,0.3846153846,-0.04395604396,0.2417582418,"Honolulu, HI",46520,2026-01-12 14:43:38.223 Z
2024-10-01,2024-10-31,30,place,6,31668,False,"East Honolulu, HI",East Honolulu,Hawaii,HI,Single Family Residential,6,1750000.0,0.1705685619,0.1290322581,1612000.0,0.1352112676,0.08260577569,813.113061435,-0.04012994699,0.01531740388,842.940468337,0.06383409876,0.002221551803,25.0,0.08695652174,0.4705882353,24.0,-0.3846153846,1.0,23.0,-0.2333333333,-0.2068965517,87.0,-0.07446808511,0.01162790698,3.5,-0.6,-1.6,56.0,-2.0,-10.0,0.9841361984,-0.01629211578,0.04711603333,0.2,-0.1913043478,0.08235294118,0.1379310345,0.01027146001,0.02165196472,0.4583333333,0.07371794872,0.375,"Honolulu, HI",46520,2026-01-12 14:43:38.223 Z
2024-09-01,2024-09-30,30,place,6,31668,False,"East Honolulu, HI",East Honolulu,Hawaii,HI,All Residential,-1,1328000.0,-0.1827692308,0.0692431562,1420000.0,0.03085299456,-0.09841269841,833.798103737,0.06564777,0.03358359611,792.360828931,0.02619531356,-0.007330353515,41.0,0.3225806452,0.2058823529,53.0,0.2926829268,0.358974359,51.0,-0.05555555556,0.3076923077,169.0,-0.02873563218,0.640776699,4.1,-1.5,1.1,64.0,5.0,9.0,0.9890941688,0.003967418797,-0.009358838719,0.2682926829,-0.02202989772,-0.05523672884,0.1656804734,0.004760933143,0.01034066755,0.3962264151,0.1279337322,0.2936623125,"Honolulu, HI",46520,2026-01-12 14:43:38.223 Z
2024-09-01,2024-09-30,30,place,6,31668,False,"East Honolulu, HI",East Honolulu,Hawaii,HI,Condo/Co-op,3,932500.0,0.2951388889,0.08115942029,1420000.0,0.03085299456,-0.09841269841,775.001600202,0.05119558612,0.0868126934,792.360828931,0.02619531356,-0.007330353515,18.0,0.6363636364,0.125,14.0,-0.3333333333,-0.2631578947,21.0,-0.16,0.6153846154,73.0,-0.03947368421,1.085714286,4.1,-2.8,1.9,66.0,19.0,12.0,0.9746116496,-0.02751132548,-0.01761781339,0.1111111111,-0.1616161616,-0.1388888889,0.2191780822,0.1007570296,0.04774951076,0.4285714286,0.2380952381,0.2706766917,"Honolulu, HI",46520,2026-01-12 14:43:38.223 Z
2024-09-01,2024-09-30,30,place,6,31668,False,"East Honolulu, HI",East Honolulu,Hawaii,HI,Single Family Residential,6,1495000.0,-0.1763085399,0.03103448276,1420000.0,0.03085299456,-0.09841269841,847.107438017,0.02667483855,-0.1295820837,792.360828931,0.02619531356,-0.007330353515,23.0,0.15,0.2777777778,39.0,0.95,0.95,30.0,0.07142857143,0.1538461538,94.0,-0.02083333333,0.3823529412,4.1,-0.7,0.3,58.0,-4.0,-3.0,1.000428314,0.02464948804,-0.00355673284,0.3913043478,0.09130434783,0.002415458937,0.1276595745,-0.0702570922,-0.01939924906,0.3846153846,0.03461538462,0.3346153846,"Honolulu, HI",46520,2026-01-12 14:43:38.223 Z
2024-08-01,2024-08-31,30,place,6,31668,False,"East Honolulu, HI",East Honolulu,Hawaii,HI,All Residential,-1,1625000.0,0.1206896552,0.1627906977,1377500.0,0.1498330551,-0.02443342776,782.433114589,-0.05276882882,-0.07201848477,772.134522992,0.02899535426,-0.03005691193,31.0,-0.225,-0.1842105263,41.0,-0.1276595745,0.2058823529,54.0,-0.1692307692,0.2272727273,174.0,0.1082802548,0.6730769231,5.6,1.7,2.9,59.0,12.0,5.0,0.98512675,0.004457848567,-0.01621409288,0.2903225806,0.01532258065,-0.2096774194,0.1609195402,0.02716157845,-0.06023430592,0.2682926829,-0.157239232,0.1800573888,"Honolulu, HI",46520,2026-01-12 14:43:38.223 Z
2024-08-01,2024-08-31,30,place,6,31668,False,"East Honolulu, HI",East Honolulu,Hawaii,HI,Condo/Co-op,3,720000.0,-0.3207867553,-0.1214154973,1377500.0,0.1498330551,-0.02443342776,737.257281553,0.06141835755,0.01986858608,772.134522992,0.02899535426,-0.03005691193,11.0,-0.2142857143,-0.08333333333,21.0,0.2352941176,1.1,25.0,-0.2647058824,0.3888888889,76.0,0.1692307692,0.8536585366,6.9,2.3,3.5,47.0,-14.0,-10.0,1.002122975,0.02886388086,0.02698069039,0.2727272727,0.05844155844,-0.06060606061,0.1184210526,-0.02004048583,-0.1010911425,0.1904761905,-0.162464986,0.09047619048,"Honolulu, HI",46520,2026-01-12 14:43:38.223 Z
2024-08-01,2024-08-31,30,place,6,31668,False,"East Honolulu, HI",East Honolulu,Hawaii,HI,Single Family Residential,6,1815000.0,0.08358208955,0.1862745098,1377500.0,0.1498330551,-0.02443342776,825.098079944,-0.06815858233,-0.04788912891,772.134522992,0.02899535426,-0.03005691193,20.0,-0.2307692308,-0.2307692308,20.0,-0.3103448276,-0.1666666667,28.0,-0.09677419355,0.07692307692,96.0,0.05494505495,0.5238095238,4.8,1.3,2.4,62.0,21.0,11.0,0.9757788262,-0.008879971418,-0.03765365892,0.3,-0.007692307692,-0.2769230769,0.1979166667,0.0660485348,-0.02430555556,0.35,-0.1327586207,0.2666666667,"Honolulu, HI",46520,2026-01-12 14:43:38.223 Z
2024-07-01,2024-07-31,30,place,6,31668,False,"East Honolulu, HI",East Honolulu,Hawaii,HI,Single Family Residential,6,1675000.0,0.08449757655,-0.02898550725,1198000.0,-0.104968248,-0.1592392449,885.449030591,-0.07027851788,0.08512420329,750.377073906,-0.09181298883,-0.07124757595,26.0,0.3684210526,1.0,29.0,0.2083333333,0.380952381,31.0,0.0,0.8235294118,91.0,0.07058823529,0.4444444444,3.5,-1.0,-1.3,41.0,-21.0,-24.0,0.9846587976,-0.005535077325,-0.04724599827,0.3076923077,-0.008097165992,-0.1538461538,0.1318681319,-0.00930833872,-0.02686202686,0.4827586207,-0.05890804598,0.4827586207,"Honolulu, HI",46520,2026-01-12 14:43:38.223 Z
2024-07-01,2024-07-31,30,place,6,31668,False,"East Honolulu, HI",East Honolulu,Hawaii,HI,All Residential,-1,1450000.0,0.137254902,0.3302752294,1198000.0,-0.104968248,-0.1592392449,826.021290682,-0.03725590509,0.1087591654,750.377073906,-0.09181298883,-0.07124757595,40.0,0.05263157895,0.1764705882,47.0,0.3055555556,0.2051282051,65.0,0.1607142857,1.407407407,157.0,0.2076923077,0.5858585859,3.9,0.5,1.0,47.0,-10.0,-11.0,0.9806689014,-0.008330814727,-0.02990105009,0.275,0.01184210526,-0.04852941176,0.1337579618,0.02606565409,-0.05816123014,0.4255319149,-0.1300236407,0.4255319149,"Honolulu, HI",46520,2026-01-12 14:43:38.223 Z
2024-07-01,2024-07-31,30,place,6,31668,False,"East Honolulu, HI",East Honolulu,Hawaii,HI,Condo/Co-op,3,1060050.0,0.1337433155,0.2634684148,1198000.0,-0.104968248,-0.1592392449,694.596316629,-0.0997467188,0.04395763232,750.377073906,-0.09181298883,-0.07124757595,14.0,-0.2631578947,-0.3333333333,17.0,0.4166666667,-0.05555555556,34.0,0.4166666667,2.4,65.0,0.4772727273,0.8055555556,4.6,2.3,2.9,61.0,14.0,5.0,0.9732590942,-0.01454646314,-0.02410357268,0.2142857143,0.003759398496,-0.02380952381,0.1384615385,0.09300699301,-0.1115384615,0.3529411765,-0.2303921569,0.3529411765,"Honolulu, HI",46520,2026-01-12 14:43:38.223 Z
2024-06-01,2024-06-30,30,place,6,31668,False,"East Honolulu, HI",East Honolulu,Hawaii,HI,Condo/Co-op,3,935000.0,0.03888888889,0.2127107652,1338500.0,-0.04187544739,-0.03531531532,771.556550952,0.1666306885,0.1799432277,826.236297893,-0.01951910673,-0.0009670612615,19.0,0.2666666667,0.4615384615,12.0,-0.5555555556,-0.2,24.0,0.2631578947,0.7142857143,44.0,0.04761904762,-0.04347826087,2.3,-0.5,-1.2,47.0,12.0,-38.0,0.9878055573,-0.007997741247,0.01592712204,0.2105263158,-0.2561403509,-0.0971659919,0.04545454545,-0.145021645,-0.128458498,0.5833333333,0.1388888889,0.5166666667,"Honolulu, HI",46520,2026-01-12 14:43:38.223 Z
2024-06-01,2024-06-30,30,place,6,31668,False,"East Honolulu, HI",East Honolulu,Hawaii,HI,Single Family Residential,6,1544494.0,-0.2854526949,-0.04217426357,1338500.0,-0.04187544739,-0.03531531532,952.380952381,0.09650645033,0.02400825549,826.236297893,-0.01951910673,-0.0009670612615,19.0,-0.2083333333,-0.1363636364,24.0,-0.04,0.2,31.0,0.06896551724,0.03333333333,85.0,0.0625,0.2142857143,4.5,1.2,1.3,62.0,6.0,16.0,0.9901938749,0.008817219259,-0.01760727094,0.3157894737,-0.1425438596,-0.1842105263,0.1411764706,0.06617647059,0.01260504202,0.5416666667,0.1416666667,0.4916666667,"Honolulu, HI",46520,2026-01-12 14:43:38.223 Z
2024-06-01,2024-06-30,30,place,6,31668,False,"East Honolulu, HI",East Honolulu,Hawaii,HI,All Residential,-1,1275000.0,-0.15,0.02081665332,1338500.0,-0.04187544739,-0.03531531532,857.986348655,0.08759983815,0.06487667386,826.236297893,-0.01951910673,-0.0009670612615,38.0,-0.02564102564,0.08571428571,36.0,-0.3076923077,0.02857142857,56.0,0.1666666667,0.2727272727,130.0,0.06557377049,0.1206896552,3.4,0.3,0.1,57.0,6.0,7.0,0.9889997161,0.002074351653,-0.005458708666,0.2631578947,-0.1983805668,-0.1654135338,0.1076923077,-0.007061790668,-0.03885941645,0.5555555556,0.1324786325,0.4984126984,"Honolulu, HI",46520,2026-01-12 14:43:38.223 Z
2024-05-01,2024-05-31,30,place,6,31668,False,"East Honolulu, HI",East Honolulu,Hawaii,HI,All Residential,-1,1500000.0,0.155624037,0.1206574524,1397000.0,-0.113015873,0.1641666667,788.880540947,0.04290616687,0.03041335123,842.684751496,0.006015748288,0.04687374897,39.0,-0.0487804878,0.3,52.0,0.0,0.7333333333,48.0,-0.04,0.02127659574,122.0,-0.01612903226,0.04273504274,3.1,0.1,-0.8,51.0,-23.0,-18.0,0.9869253645,0.001421591402,-0.00341453739,0.4615384615,0.095684803,0.2282051282,0.1147540984,0.009915388683,0.0121899958,0.4230769231,-0.1153846154,0.3897435897,"Honolulu, HI",46520,2026-01-12 14:43:38.223 Z
2024-05-01,2024-05-31,30,place,6,31668,False,"East Honolulu, HI",East Honolulu,Hawaii,HI,Condo/Co-op,3,900000.0,0.2211668928,0.1399620013,1397000.0,-0.113015873,0.1641666667,661.354581673,-0.0216337627,0.02709573073,842.684751496,0.006015748288,0.04687374897,15.0,0.07142857143,0.5,27.0,0.2272727273,1.454545455,19.0,0.0,0.05555555556,42.0,0.0243902439,-0.1428571429,2.8,-0.1,-2.1,35.0,-45.0,-91.0,0.9958032986,0.01775431191,0.01325400694,0.4666666667,0.180952381,0.4666666667,0.1904761905,0.06852497096,0.006802721088,0.4444444444,-0.0101010101,0.3535353535,"Honolulu, HI",46520,2026-01-12 14:43:38.223 Z
2024-05-01,2024-05-31,30,place,6,31668,False,"East Honolulu, HI",East Honolulu,Hawaii,HI,Single Family Residential,6,2161500.0,0.2904477612,0.3404651163,1397000.0,-0.113015873,0.1641666667,868.559370618,0.1191818455,-0.03122253482,842.684751496,0.006015748288,0.04687374897,24.0,-0.04,0.2,25.0,-0.1666666667,0.3157894737,29.0,-0.06451612903,0.0,80.0,-0.03614457831,0.1764705882,3.3,0.0,-0.1,56.0,-18.0,0.0,0.9813766557,-0.004050608586,-0.01285855132,0.4583333333,0.09833333333,0.1083333333,0.075,-0.02138554217,0.03088235294,0.4,-0.2,0.4,"Honolulu, HI",46520,2026-01-12 14:43:38.223 Z
2024-04-01,2024-04-30,30,place,6,31668,False,"East Honolulu, HI",East Honolulu,Hawaii,HI,Single Family Residential,6,1675000.0,-0.02189781022,0.08064516129,1575000.0,0.2504962287,0.2143407864,776.066350711,-0.2579785179,-0.1110597213,837.645685895,0.1681053737,0.07728820901,25.0,0.3888888889,0.1363636364,30.0,0.25,0.5,31.0,0.24,0.55,83.0,0.09210526316,0.3833333333,3.3,-0.9,0.6,74.0,16.0,22.0,0.9854272642,-0.01329861198,-0.00854639076,0.36,-0.02888888889,-0.04909090909,0.09638554217,0.004280279011,0.06305220884,0.6,0.1833333333,0.6,"Honolulu, HI",46520,2026-01-12 14:43:38.223 Z
2024-04-01,2024-04-30,30,place,6,31668,False,"East Honolulu, HI",East Honolulu,Hawaii,HI,Condo/Co-op,3,737000.0,0.01655172414,-0.1811111111,1575000.0,0.2504962287,0.2143407864,675.97854102,0.3300596475,0.01539092425,837.645685895,0.1681053737,0.07728820901,14.0,0.75,-0.2631578947,22.0,0.375,0.2222222222,19.0,0.1176470588,0.5833333333,41.0,0.05128205128,-0.08888888889,2.9,-2.0,0.5,80.0,1.0,9.0,0.9780489867,-0.007272196588,-0.00580390573,0.2857142857,0.1607142857,0.02255639098,0.1219512195,-0.03189493433,-0.07804878049,0.4545454545,-0.04545454545,0.4545454545,"Honolulu, HI",46520,2026-01-12 14:43:38.223 Z
2024-04-01,2024-04-30,30,place,6,31668,False,"East Honolulu, HI",East Honolulu,Hawaii,HI,All Residential,-1,1298000.0,-0.04733944954,0.0384,1575000.0,0.2504962287,0.2143407864,756.425233645,-0.1460645143,-0.06430198598,837.645685895,0.1681053737,0.07728820901,41.0,0.5769230769,0.0,52.0,0.2380952381,0.3684210526,50.0,0.1363636364,0.5625,124.0,0.05982905983,0.180952381,3.0,-1.5,0.4,74.0,7.0,17.0,0.9855037731,-0.009097582233,-0.003779772432,0.3658536585,0.05816135084,0.0243902439,0.1048387097,-0.006272401434,7.680491551e-05,0.5384615385,0.06227106227,0.5384615385,"Honolulu, HI",46520,2026-01-12 14:43:38.223 Z
2024-04-01,2024-04-30,30,place,6,31668,False,"East Honolulu, HI",East Honolulu,Hawaii,HI,Multi-Family (2-4 Unit),4,1375000.0,,,,,,655.003025883,,,,,,2.0,,,,,,,,,,,,,,,33.0,,,1.038643638,,,1.0,,,,,,,,,"Honolulu, HI",46520,2026-01-12 14:43:38.223 Z
2024-03-01,2024-03-31,30,place,6,31668,False,"East Honolulu, HI",East Honolulu,Hawaii,HI,Condo/Co-op,3,725000.0,0.03719599428,-0.1420118343,1259500.0,-0.144361413,0.04653095139,508.231749075,-0.2747525688,-0.2429560378,717.09770775,-0.1162868878,-0.1366915314,8.0,-0.4666666667,-0.7142857143,16.0,0.3333333333,-0.36,17.0,3.25,-0.05555555556,39.0,0.1470588235,-0.2352941176,4.9,2.6,3.1,79.0,-4.0,21.0,0.9853211833,-0.0003935650322,0.005026346489,0.125,-0.2083333333,0.01785714286,0.1538461538,0.006787330317,-0.003016591252,0.5,0.4166666667,0.46,"Honolulu, HI",46520,2026-01-12 14:43:38.223 Z
2024-03-01,2024-03-31,30,place,6,31668,False,"East Honolulu, HI",East Honolulu,Hawaii,HI,All Residential,-1,1362500.0,0.04807692308,0.1899563319,1259500.0,-0.144361413,0.04653095139,885.810750698,0.1740140097,0.2103718098,717.09770775,-0.1162868878,-0.1366915314,26.0,-0.1875,-0.4693877551,42.0,-0.04545454545,-0.06666666667,44.0,0.8333333333,0.1578947368,117.0,0.06363636364,0.04464285714,4.5,1.1,2.2,67.0,-21.0,9.0,0.9946013553,0.01151528314,0.01067577305,0.3076923077,0.02644230769,0.103610675,0.1111111111,-0.03434343434,-0.01388888889,0.4761904762,0.2261904762,0.4317460317,"Honolulu, HI",46520,2026-01-12 14:43:38.223 Z
2024-03-01,2024-03-31,30,place,6,31668,False,"East Honolulu, HI",East Honolulu,Hawaii,HI,Single Family Residential,6,1712500.0,-0.07432432432,-0.1329113924,1259500.0,-0.144361413,0.04653095139,1045.881243962,0.2074245619,0.1698375395,717.09770775,-0.1162868878,-0.1366915314,18.0,0.05882352941,-0.1428571429,24.0,-0.25,0.2,25.0,0.25,0.25,76.0,0.0,0.2459016393,4.2,-0.3,1.3,58.0,-34.0,-10.0,0.9987258762,0.01795922416,0.009959299975,0.3888888889,0.1535947712,0.05555555556,0.09210526316,-0.06578947368,-0.00625539258,0.4166666667,0.1041666667,0.3666666667,"Honolulu, HI",46520,2026-01-12 14:43:38.223 Z
2024-02-01,2024-02-29,30,place,6,31668,False,"East Honolulu, HI",East Honolulu,Hawaii,HI,Single Family Residential,6,1850000.0,0.1653543307,-0.04491481673,1472000.0,0.1986970684,-0.01833944648,866.208355368,0.03999779451,-0.03844675671,811.459848066,-0.05695206846,-0.04896905807,17.0,0.0625,-0.15,32.0,0.4545454545,0.7777777778,20.0,0.05263157895,0.1111111111,76.0,-0.01298701299,0.1515151515,4.5,-0.3,1.2,92.0,10.0,10.0,0.9807666521,-0.005429525665,-0.001383184693,0.2352941176,-0.01470588235,0.03529411765,0.1578947368,-0.06288448394,-0.008771929825,0.3125,0.1306818182,0.2013888889,"Honolulu, HI",46520,2026-01-12 14:43:38.223 Z
2024-02-01,2024-02-29,30,place,6,31668,False,"East Honolulu, HI",East Honolulu,Hawaii,HI,All Residential,-1,1300000.0,-0.07142857143,-0.09565217391,1472000.0,0.1986970684,-0.01833944648,754.514633871,-0.06352705442,-0.02828760835,811.459848066,-0.05695206846,-0.04896905807,32.0,0.5238095238,0.0,44.0,0.2222222222,0.3333333333,24.0,-0.3513513514,-0.2258064516,110.0,-0.08333333333,-0.1056910569,3.4,-2.3,-0.4,88.0,23.0,34.0,0.9830860722,-0.007168290388,-0.001035596269,0.28125,-0.004464285714,0.09375,0.1454545455,-0.02954545455,-0.04153732446,0.25,0.0,0.1893939394,"Honolulu, HI",46520,2026-01-12 14:43:38.223 Z
2024-02-01,2024-02-29,30,place,6,31668,False,"East Honolulu, HI",East Honolulu,Hawaii,HI,Condo/Co-op,3,699000.0,-0.12625,-0.09748224661,1472000.0,0.1986970684,-0.01833944648,700.770147162,0.06913309363,0.07960043091,811.459848066,-0.05695206846,-0.04896905807,15.0,2.0,0.25,12.0,-0.1428571429,-0.2,4.0,-0.7777777778,-0.6923076923,34.0,-0.2093023256,-0.4035087719,2.3,-6.3,-2.5,83.0,21.0,43.0,0.9857147483,-0.01752580574,-0.00169330629,0.3333333333,-0.06666666667,0.1666666667,0.1470588235,0.03077975376,-0.06346749226,0.08333333333,-0.2738095238,0.08333333333,"Honolulu, HI",46520,2026-01-12 14:43:38.223 Z
2024-01-01,2024-01-31,30,place,6,31668,False,"East Honolulu, HI",East Honolulu,Hawaii,HI,All Residential,-1,1400000.0,-0.07284768212,0.1475409836,1228000.0,-0.2657698057,0.137037037,805.698271836,-0.1349730372,0.138435883,860.465116279,0.1268906115,0.1160415636,21.0,0.0,0.2352941176,36.0,0.2857142857,0.44,37.0,0.4230769231,-0.1395348837,120.0,0.06194690265,-0.05511811024,5.7,0.3,-1.8,65.0,7.0,-5.0,0.9902543626,0.03061876603,0.01013095558,0.2857142857,0.1904761905,-0.008403361345,0.175,0.0953539823,-0.006102362205,0.25,-0.03571428571,0.17,"Honolulu, HI",46520,2026-01-12 14:43:38.223 Z
2024-01-01,2024-01-31,30,place,6,31668,False,"East Honolulu, HI",East Honolulu,Hawaii,HI,Condo/Co-op,3,800000.0,-0.1983967936,0.2213740458,1228000.0,-0.2657698057,0.137037037,655.456417296,-0.04308617234,0.03327070412,860.465116279,0.1268906115,0.1160415636,5.0,0.0,-0.1666666667,14.0,0.75,0.1666666667,18.0,1.25,-0.25,43.0,0.1944444444,-0.2950819672,8.6,1.4,-1.6,62.0,5.0,-34.0,1.003240554,0.07411603677,0.0497913982,0.4,0.2,0.4,0.1162790698,0.005167958656,-0.09683568433,0.3571428571,-0.01785714286,0.2738095238,"Honolulu, HI",46520,2026-01-12 14:43:38.223 Z
2024-01-01,2024-01-31,30,place,6,31668,False,"East Honolulu, HI",East Honolulu,Hawaii,HI,Single Family Residential,6,1587500.0,-0.08764367816,0.1981132075,1228000.0,-0.2657698057,0.137037037,832.894415683,-0.1187298683,-0.01315445522,860.465116279,0.1268906115,0.1160415636,16.0,0.0,0.4545454545,22.0,0.1,0.6923076923,19.0,0.05555555556,0.0,77.0,0.0,0.1666666667,4.8,0.0,-1.2,82.0,24.0,29.0,0.9861961777,0.01702586892,-0.008476820793,0.25,0.1875,-0.2045454545,0.2207792208,0.1558441558,0.06926406926,0.1818181818,-0.06818181818,0.1048951049,"Honolulu, HI",46520,2026-01-12 14:43:38.223 Z
2023-12-01,2023-12-31,30,place,6,31668,False,"East Honolulu, HI",East Honolulu,Hawaii,HI,Single Family Residential,6,1740000.0,0.05454545455,0.0875,1672500.0,0.1270215633,0.629322942,945.106824484,-0.005887636469,0.2042271541,763.574660633,-0.08547018917,0.1413293705,16.0,0.4545454545,-0.2,20.0,0.05263157895,-0.09090909091,18.0,0.2,0.6363636364,77.0,-0.0375,0.262295082,4.8,-2.5,1.7,58.0,0.0,5.0,0.9691703088,0.003549066191,0.0008718614197,0.0625,-0.02840909091,-0.1375,0.06493506494,-0.1350649351,-0.09899936129,0.25,-0.06578947368,0.1136363636,"Honolulu, HI",46520,2026-01-12 14:43:38.223 Z
2023-12-01,2023-12-31,30,place,6,31668,False,"East Honolulu, HI",East Honolulu,Hawaii,HI,Condo/Co-op,3,998000.0,0.559375,0.1088888889,1672500.0,0.1270215633,0.629322942,684.969114619,0.3096784419,0.2329444063,763.574660633,-0.08547018917,0.1413293705,5.0,-0.5,-0.2857142857,8.0,0.3333333333,0.3333333333,8.0,-0.1111111111,-0.4666666667,36.0,0.05882352941,-0.28,7.2,3.8,0.1,57.0,-7.0,-13.0,0.9291245173,-0.03442851074,-0.05707846554,0.2,0.2,-0.2285714286,0.1111111111,-0.006535947712,0.03111111111,0.375,0.2083333333,0.375,"Honolulu, HI",46520,2026-01-12 14:43:38.223 Z
2023-12-01,2023-12-31,30,place,6,31668,False,"East Honolulu, HI",East Honolulu,Hawaii,HI,All Residential,-1,1510000.0,0.4046511628,0.1387631976,1672500.0,0.1270215633,0.629322942,931.414055885,0.4244136817,0.3243269533,763.574660633,-0.08547018917,0.1413293705,21.0,0.0,-0.2222222222,28.0,0.12,0.0,26.0,0.08333333333,0.0,113.0,-0.008771929825,0.01801801802,5.4,0.0,1.3,58.0,-5.0,-5.0,0.9596355965,-0.005000781982,-0.01330476744,0.09523809524,0.04761904762,-0.164021164,0.0796460177,-0.09579257879,-0.04648010843,0.2857142857,0.005714285714,0.1785714286,"Honolulu, HI",46520,2026-01-12 14:43:38.223 Z
2023-11-01,2023-11-30,30,place,6,31668,False,"East Honolulu, HI",East Honolulu,Hawaii,HI,Single Family Residential,6,1650000.0,0.06451612903,-0.08333333333,1484000.0,-0.003357958361,0.07536231884,950.704225352,0.1871246346,0.04653521127,834.936873122,-0.007294393768,0.07422540687,11.0,-0.3529411765,-0.5217391304,19.0,0.5833333333,-0.1363636364,15.0,-0.4827586207,-0.4,80.0,-0.06976744186,0.1111111111,7.3,2.2,4.2,58.0,-8.0,1.0,0.9656212426,0.02860107751,-0.009520822697,0.09090909091,-0.02673796791,-0.256916996,0.2,0.08372093023,0.06111111111,0.3157894737,0.2324561404,0.3157894737,"Honolulu, HI",46520,2026-01-12 14:43:38.223 Z
2023-11-01,2023-11-30,30,place,6,31668,False,"East Honolulu, HI",East Honolulu,Hawaii,HI,All Residential,-1,1075000.0,-0.1041666667,-0.2238267148,1484000.0,-0.003357958361,0.07536231884,653.892944039,-0.1481198307,-0.1740509337,834.936873122,-0.007294393768,0.07422540687,21.0,-0.2222222222,-0.4166666667,25.0,0.3157894737,-0.3243243243,24.0,-0.4285714286,-0.3513513514,114.0,-0.06557377049,0.008849557522,5.4,0.9,2.3,63.0,-3.0,-11.0,0.9646363785,0.006670385714,-0.01611568185,0.04761904762,-0.1375661376,-0.2301587302,0.1754385965,0.05248777682,-0.02810122652,0.28,0.1747368421,0.28,"Honolulu, HI",46520,2026-01-12 14:43:38.223 Z
2023-11-01,2023-11-30,30,place,6,31668,False,"East Honolulu, HI",East Honolulu,Hawaii,HI,Condo/Co-op,3,640000.0,-0.2947658402,0.0355987055,1484000.0,-0.003357958361,0.07536231884,523.005565863,-0.2559115491,-0.2677922078,834.936873122,-0.007294393768,0.07422540687,10.0,0.0,-0.2307692308,6.0,-0.1428571429,-0.6,9.0,-0.3076923077,-0.25,34.0,-0.05555555556,-0.1707317073,3.4,-0.2,0.2,64.0,9.0,-12.0,0.963553028,-0.03002087188,-0.02712440823,0.0,-0.3,-0.1538461538,0.1176470588,-0.04901960784,-0.1994261119,0.1666666667,0.02380952381,0.1666666667,"Honolulu, HI",46520,2026-01-12 14:43:38.223 Z
2023-10-01,2023-10-31,30,place,6,31668,False,"East Honolulu, HI",East Honolulu,Hawaii,HI,Condo/Co-op,3,907500.0,0.05217391304,0.08682634731,1489000.0,-0.0546031746,0.1520309478,702.880907799,-0.0143247545,0.1321854144,841.071983356,0.05369498075,0.1079570619,10.0,-0.375,-0.4117647059,7.0,-0.6315789474,-0.4166666667,13.0,0.0,0.08333333333,36.0,0.02857142857,-0.2,3.6,1.4,1.0,55.0,1.0,2.0,0.9935738999,0.001344436918,-0.003438573629,0.3,0.05,-0.1117647059,0.1666666667,-0.004761904762,-0.05555555556,0.1428571429,-0.01503759398,0.1428571429,"Honolulu, HI",46520,2026-01-12 14:43:38.223 Z
2023-10-01,2023-10-31,30,place,6,31668,False,"East Honolulu, HI",East Honolulu,Hawaii,HI,All Residential,-1,1200000.0,-0.03381642512,0.2,1489000.0,-0.0546031746,0.1520309478,767.587939698,-0.04849111615,0.1974371859,841.071983356,0.05369498075,0.1079570619,27.0,-0.2058823529,-0.06896551724,19.0,-0.5128205128,-0.2962962963,42.0,0.07692307692,0.4,122.0,0.1844660194,0.01666666667,4.5,1.5,0.4,66.0,11.0,7.0,0.9579659928,-0.04048701468,-0.03386366814,0.1851851852,-0.1383442266,-0.2630906769,0.1229508197,-0.03238898615,-0.05204918033,0.1052631579,0.002699055331,0.06822612086,"Honolulu, HI",46520,2026-01-12 14:43:38.223 Z
2023-10-01,2023-10-31,30,place,6,31668,False,"East Honolulu, HI",East Honolulu,Hawaii,HI,Single Family Residential,6,1550000.0,0.06896551724,-0.03576982893,1489000.0,-0.0546031746,0.1520309478,800.846177093,-0.1771163497,0.03875618028,841.071983356,0.05369498075,0.1079570619,17.0,-0.05555555556,0.4166666667,12.0,-0.4,-0.2,29.0,0.1153846154,0.6111111111,86.0,0.2647058824,0.1466666667,5.1,1.3,-1.2,66.0,5.0,-20.0,0.9370201651,-0.06696488195,-0.04746717801,0.1176470588,-0.2712418301,-0.3823529412,0.1162790698,-0.03077975376,-0.0303875969,0.08333333333,0.03333333333,0.01666666667,"Honolulu, HI",46520,2026-01-12 14:43:38.223 Z
2023-09-01,2023-09-30,30,place,6,31668,False,"East Honolulu, HI",East Honolulu,Hawaii,HI,Condo/Co-op,3,862500.0,0.05247101891,0.1577181208,1575000.0,0.1154390935,0.285766766,713.095830505,-0.01355462388,0.1468761635,798.212005109,0.002701205702,0.06247901397,16.0,0.3333333333,0.3333333333,19.0,0.9,0.2666666667,13.0,-0.2777777778,-0.2352941176,35.0,-0.1463414634,-0.2553191489,2.2,-1.2,-1.7,54.0,-3.0,6.0,0.992229463,0.0170871783,0.005990545125,0.25,-0.08333333333,0.08333333333,0.1714285714,-0.04808362369,-0.02006079027,0.1578947368,0.05789473684,0.09122807018,"Honolulu, HI",46520,2026-01-12 14:43:38.223 Z
2023-09-01,2023-09-30,30,place,6,31668,False,"East Honolulu, HI",East Honolulu,Hawaii,HI,Single Family Residential,6,1450000.0,-0.0522875817,-0.1483113069,1575000.0,0.1154390935,0.285766766,973.219211301,0.1230332654,0.1065820838,798.212005109,0.002701205702,0.06247901397,18.0,-0.3076923077,-0.3076923077,20.0,-0.1666666667,-0.3103448276,26.0,0.0,-0.03703703704,68.0,0.07936507937,-0.1282051282,3.8,1.4,0.8,61.0,10.0,-4.0,1.003985047,-0.009447438035,0.03551595902,0.3888888889,-0.188034188,0.2735042735,0.1470588235,-0.07516339869,-0.09653092006,0.05,-0.03333333333,-0.01896551724,"Honolulu, HI",46520,2026-01-12 14:43:38.223 Z
2023-09-01,2023-09-30,30,place,6,31668,False,"East Honolulu, HI",East Honolulu,Hawaii,HI,All Residential,-1,1242000.0,-0.1112701252,-0.1278089888,1575000.0,0.1154390935,0.285766766,806.706014757,-0.04323033374,0.04418490472,798.212005109,0.002701205702,0.06247901397,34.0,-0.1052631579,-0.1052631579,39.0,0.1470588235,-0.1136363636,39.0,-0.1136363636,-0.1136363636,103.0,-0.009615384615,-0.176,3.0,0.3,-0.3,55.0,1.0,-4.0,0.9984530075,-0.002887835366,0.02437239425,0.3235294118,-0.1764705882,0.1919504644,0.1553398058,-0.06581404033,-0.06066019417,0.1025641026,0.01432880845,0.03438228438,"Honolulu, HI",46520,2026-01-12 14:43:38.223 Z
2023-08-01,2023-08-31,30,place,6,31668,False,"East Honolulu, HI",East Honolulu,Hawaii,HI,Condo/Co-op,3,819500.0,-0.02324195471,0.194606414,1412000.0,-0.009053266896,-0.05234899329,722.894392096,0.08648879921,0.17694846,796.061678762,-0.01470308789,0.02027786757,12.0,-0.4285714286,-0.4,10.0,-0.4444444444,-0.5454545455,18.0,0.8,0.0,41.0,0.1388888889,-0.1458333333,3.4,1.7,1.0,57.0,1.0,-1.0,0.9751422847,-0.02222038221,-0.01299412694,0.3333333333,0.09523809524,-0.06666666667,0.2195121951,-0.03048780488,-0.07215447154,0.1,0.1,0.05454545455,"Honolulu, HI",46520,2026-01-12 14:43:38.223 Z
2023-08-01,2023-08-31,30,place,6,31668,False,"East Honolulu, HI",East Honolulu,Hawaii,HI,All Residential,-1,1397500.0,0.2821100917,0.01529738951,1412000.0,-0.009053266896,-0.05234899329,843.155926867,0.1317587964,0.02942570066,796.061678762,-0.01470308789,0.02027786757,38.0,0.1176470588,-0.2692307692,34.0,-0.1282051282,-0.306122449,44.0,0.6296296296,-0.06382978723,104.0,0.05050505051,-0.2,2.7,-0.2,0.2,54.0,-4.0,-1.0,1.001340843,-0.009229108638,0.001406454734,0.5,0.1764705882,0.1153846154,0.2211538462,0.02923465423,-0.009615384615,0.08823529412,0.08823529412,0.06782713085,"Honolulu, HI",46520,2026-01-12 14:43:38.223 Z
2023-08-01,2023-08-31,30,place,6,31668,False,"East Honolulu, HI",East Honolulu,Hawaii,HI,Single Family Residential,6,1530000.0,-0.1130434783,-0.155862069,1412000.0,-0.009053266896,-0.05234899329,866.598738656,0.06202303392,-0.01569925748,796.061678762,-0.01470308789,0.02027786757,26.0,1.0,-0.1875,24.0,0.1428571429,-0.1111111111,26.0,0.5294117647,-0.1034482759,63.0,0.0,-0.2317073171,2.4,-2.4,-0.2,51.0,-14.0,-1.0,1.013432485,-0.01847231077,0.006124361655,0.5769230769,0.1153846154,0.2019230769,0.2222222222,0.06349206349,0.01490514905,0.08333333333,0.08333333333,0.08333333333,"Honolulu, HI",46520,2026-01-12 14:43:38.223 Z
2023-07-01,2023-07-31,30,place,6,31668,False,"East Honolulu, HI",East Honolulu,Hawaii,HI,Single Family Residential,6,1725000.0,0.06976744186,0.1330049261,1424900.0,0.02695495495,0.03817850638,815.988647114,-0.1226419334,-0.06097490273,807.940904894,-0.0230886992,-0.01321098456,13.0,-0.4090909091,-0.2777777778,21.0,0.05,0.1052631579,17.0,-0.4333333333,-0.4137931034,63.0,-0.1,-0.275862069,4.8,1.6,0.0,65.0,19.0,11.0,1.031904796,0.02410365,0.03329035021,0.4615384615,-0.03846153846,0.07264957265,0.1587301587,0.03015873016,-0.04816639299,0.0,-0.05,-0.1578947368,"Honolulu, HI",46520,2026-01-12 14:43:38.223 Z
2023-07-01,2023-07-31,30,place,6,31668,False,"East Honolulu, HI",East Honolulu,Hawaii,HI,Condo/Co-op,3,839000.0,0.08819714656,-0.08555858311,1424900.0,0.02695495495,0.03817850638,665.34914361,0.01751999265,-0.02167101582,807.940904894,-0.0230886992,-0.01321098456,21.0,0.6153846154,0.3125,18.0,0.2,0.0,10.0,-0.2857142857,-0.4736842105,36.0,-0.2173913043,-0.3571428571,1.7,-1.8,-1.8,56.0,-29.0,12.0,0.9973626669,0.02548423157,0.00347539297,0.2380952381,-0.0695970696,-0.1994047619,0.25,0.07608695652,0.0,0.0,-0.06666666667,-0.1111111111,"Honolulu, HI",46520,2026-01-12 14:43:38.223 Z
2023-07-01,2023-07-31,30,place,6,31668,False,"East Honolulu, HI",East Honolulu,Hawaii,HI,All Residential,-1,1090000.0,-0.1273018415,-0.06837606838,1424900.0,0.02695495495,0.03817850638,744.996133024,-0.07535940937,-0.05711365677,807.940904894,-0.0230886992,-0.01321098456,34.0,-0.02857142857,0.0,39.0,0.1142857143,0.05405405405,27.0,-0.3863636364,-0.4375,99.0,-0.1465517241,-0.3076923077,2.9,-0.4,-1.3,58.0,8.0,8.0,1.010569951,0.01611152669,0.01418005725,0.3235294118,-0.1050420168,-0.08823529412,0.1919191919,0.04536746778,-0.03185703186,0.0,-0.05714285714,-0.1351351351,"Honolulu, HI",46520,2026-01-12 14:43:38.223 Z
2023-06-01,2023-06-30,30,place,6,31668,False,"East Honolulu, HI",East Honolulu,Hawaii,HI,Condo/Co-op,3,771000.0,-0.02343255225,-0.03564727955,1387500.0,0.15625,0.09037328094,653.892944039,0.01550767136,0.0303153517,827.03609246,0.02743329948,0.02838291724,13.0,0.3,-0.59375,15.0,0.3636363636,-0.3181818182,14.0,-0.2222222222,-0.5757575758,46.0,-0.0612244898,-0.1481481481,3.5,-1.4,1.8,85.0,-41.0,52.0,0.9718784353,-0.01067085634,-0.04005069093,0.3076923077,0.3076923077,-0.06730769231,0.1739130435,-0.009760425909,-0.01127214171,0.06666666667,-0.02424242424,-0.1151515152,"Honolulu, HI",46520,2026-01-12 14:43:38.223 Z
2023-06-01,2023-06-30,30,place,6,31668,False,"East Honolulu, HI",East Honolulu,Hawaii,HI,Single Family Residential,6,1612500.0,0.0,-0.02567975831,1387500.0,0.15625,0.09037328094,930.052025726,0.03736540581,0.02057708956,827.03609246,0.02743329948,0.02838291724,22.0,0.1,-0.2903225806,20.0,0.05263157895,-0.1666666667,30.0,0.03448275862,-0.3023255814,70.0,0.02941176471,-0.125,3.2,-0.2,0.6,46.0,-10.0,8.0,1.007801146,0.01356593888,-0.03062544338,0.5,0.15,-0.1774193548,0.1285714286,0.08445378151,-0.03392857143,0.05,0.05,-0.1166666667,"Honolulu, HI",46520,2026-01-12 14:43:38.223 Z
2023-06-01,2023-06-30,30,place,6,31668,False,"East Honolulu, HI",East Honolulu,Hawaii,HI,All Residential,-1,1249000.0,-0.06686589466,-0.05400287813,1387500.0,0.15625,0.09037328094,805.714285714,0.05240111041,0.09295939235,827.03609246,0.02743329948,0.02838291724,35.0,0.1666666667,-0.4444444444,35.0,0.1666666667,-0.2391304348,44.0,-0.06382978723,-0.4210526316,116.0,-0.008547008547,-0.1343283582,3.3,-0.6,1.2,50.0,-19.0,13.0,0.9944584248,0.004118522929,-0.03050913562,0.4285714286,0.1952380952,-0.09523809524,0.1465517241,0.04398762157,-0.02509006691,0.05714285714,0.02380952381,-0.1167701863,"Honolulu, HI",46520,2026-01-12 14:43:38.223 Z
2023-05-01,2023-05-31,30,place,6,31668,False,"East Honolulu, HI",East Honolulu,Hawaii,HI,All Residential,-1,1338500.0,0.0708,0.0860040568,1200000.0,-0.07478797224,-0.03961584634,765.596194971,-0.05295750682,0.09447453476,804.953560372,0.035243175,0.09889498128,30.0,-0.2682926829,-0.4230769231,30.0,-0.2105263158,-0.5238095238,47.0,0.46875,-0.3648648649,117.0,0.1142857143,0.05405405405,3.9,1.3,1.8,69.0,12.0,15.0,0.9903399019,0.00105635636,-0.03930865946,0.2333333333,-0.1081300813,-0.2666666667,0.1025641026,-0.002197802198,0.05751905752,0.03333333333,0.03333333333,-0.2047619048,"Honolulu, HI",46520,2026-01-12 14:43:38.223 Z
2023-05-01,2023-05-31,30,place,6,31668,False,"East Honolulu, HI",East Honolulu,Hawaii,HI,Condo/Co-op,3,789500.0,-0.1227777778,-0.02530864198,1200000.0,-0.07478797224,-0.03961584634,643.907439089,-0.03278324676,0.01415421657,804.953560372,0.035243175,0.09889498128,10.0,-0.4736842105,-0.6296296296,11.0,-0.3888888889,-0.6071428571,18.0,0.5,-0.4375,49.0,0.08888888889,0.08888888889,4.9,2.5,3.2,126.0,55.0,70.0,0.9825492917,-0.001303600759,-0.04518855412,0.0,-0.2631578947,-0.4074074074,0.1836734694,-0.01632653061,0.1392290249,0.09090909091,0.09090909091,-0.1948051948,"Honolulu, HI",46520,2026-01-12 14:43:38.223 Z
2023-05-01,2023-05-31,30,place,6,31668,False,"East Honolulu, HI",East Honolulu,Hawaii,HI,Single Family Residential,6,1612500.0,0.04032258065,-0.2321428571,1200000.0,-0.07478797224,-0.03961584634,896.551996545,0.02694979746,0.1767244955,804.953560372,0.035243175,0.09889498128,20.0,-0.09090909091,-0.2,19.0,-0.05,-0.4571428571,29.0,0.45,-0.3095238095,68.0,0.1333333333,0.0303030303,3.4,0.7,0.8,56.0,4.0,3.0,0.994235207,0.000261551976,-0.03747692714,0.35,-0.05909090909,-0.25,0.04411764706,0.01078431373,-0.001336898396,0.0,0.0,-0.2,"Honolulu, HI",46520,2026-01-12 14:43:38.223 Z
2023-04-01,2023-04-30,30,place,6,31668,False,"East Honolulu, HI",East Honolulu,Hawaii,HI,Single Family Residential,6,1550000.0,-0.2151898734,-0.08011869436,1297000.0,0.07769007063,-0.01180952381,873.024171935,-0.02350629658,0.02043712064,777.550221832,-0.06391321013,0.04680176782,22.0,0.04761904762,-0.45,20.0,0.0,-0.3333333333,20.0,0.0,-0.1666666667,60.0,-0.01639344262,-0.01639344262,2.7,-0.2,1.2,52.0,-16.0,13.0,0.993973655,0.005207078759,-0.04753632733,0.4090909091,0.07575757576,-0.2159090909,0.03333333333,-0.0650273224,-0.0650273224,0.0,-0.05,-0.1,"Honolulu, HI",46520,2026-01-12 14:43:38.223 Z
2023-04-01,2023-04-30,30,place,6,31668,False,"East Honolulu, HI",East Honolulu,Hawaii,HI,All Residential,-1,1250000.0,0.09170305677,-0.1438356164,1297000.0,0.07769007063,-0.01180952381,808.407437348,0.1046079224,0.02318958375,777.550221832,-0.06391321013,0.04680176782,41.0,-0.1632653061,-0.3166666667,38.0,-0.1555555556,-0.2549019608,32.0,-0.1578947368,-0.3333333333,105.0,-0.0625,0.01941747573,2.6,0.3,0.9,57.0,-1.0,20.0,0.9892835455,0.005357963245,-0.04801048372,0.3414634146,0.137381782,-0.2418699187,0.1047619048,-0.02023809524,0.02709200185,0.0,-0.04444444444,-0.09803921569,"Honolulu, HI",46520,2026-01-12 14:43:38.223 Z
2023-04-01,2023-04-30,30,place,6,31668,False,"East Honolulu, HI",East Honolulu,Hawaii,HI,Condo/Co-op,3,900000.0,0.0650887574,0.0005558643691,1297000.0,0.07769007063,-0.01180952381,665.732305536,-0.008348803012,0.1033137885,777.550221832,-0.06391321013,0.04680176782,19.0,-0.3214285714,-0.05,18.0,-0.28,-0.1428571429,12.0,-0.3333333333,-0.5,45.0,-0.1176470588,0.07142857143,2.4,0.6,0.3,71.0,13.0,40.0,0.9838528924,0.003558055632,-0.04500923062,0.2631578947,0.1560150376,-0.2368421053,0.2,0.0431372549,0.1523809524,0.0,-0.04,-0.09523809524,"Honolulu, HI",46520,2026-01-12 14:43:38.223 Z
2023-03-01,2023-03-31,30,place,6,31668,False,"East Honolulu, HI",East Honolulu,Hawaii,HI,Condo/Co-op,3,845000.0,0.09102646869,-0.07142857143,1203500.0,-0.197399133,-0.125045438,671.3371673,0.03425623657,0.05898024132,830.639028609,-0.02649105847,0.04854502175,28.0,1.333333333,0.3333333333,25.0,0.6666666667,0.1363636364,18.0,0.3846153846,-0.1,51.0,-0.1052631579,-0.15,1.8,-3.0,-1.1,58.0,18.0,14.0,0.9802948368,-0.007113217812,-0.03597329448,0.1071428571,-0.05952380952,-0.5119047619,0.1568627451,-0.05366357069,0.0568627451,0.04,0.04,-0.05090909091,"Honolulu, HI",46520,2026-01-12 14:43:38.223 Z
2023-03-01,2023-03-31,30,place,6,31668,False,"East Honolulu, HI",East Honolulu,Hawaii,HI,Single Family Residential,6,1975000.0,0.01961796593,0.03947368421,1203500.0,-0.197399133,-0.125045438,894.039735099,-0.007551934137,-0.01575647,830.639028609,-0.02649105847,0.04854502175,21.0,0.05,-0.4473684211,20.0,0.1111111111,-0.5454545455,20.0,0.1111111111,-0.5238095238,61.0,-0.07575757576,-0.1029411765,2.9,-0.4,1.1,68.0,-14.0,19.0,0.9887665762,0.006616739489,-0.03450546833,0.3333333333,0.1333333333,-0.2456140351,0.09836065574,-0.06830601093,0.02483124397,0.05,-0.06111111111,-0.2454545455,"Honolulu, HI",46520,2026-01-12 14:43:38.223 Z
2023-03-01,2023-03-31,30,place,6,31668,False,"East Honolulu, HI",East Honolulu,Hawaii,HI,All Residential,-1,1145000.0,-0.2034782609,-0.1908127208,1203500.0,-0.197399133,-0.125045438,731.850117096,-0.05747642831,-0.1068314316,830.639028609,-0.02649105847,0.04854502175,49.0,0.53125,-0.1694915254,45.0,0.3636363636,-0.3181818182,38.0,0.2258064516,-0.3870967742,112.0,-0.08943089431,-0.125,2.3,-1.5,0.1,58.0,4.0,10.0,0.9839255823,-0.0001960861783,-0.03685354401,0.2040816327,0.01658163265,-0.3891387063,0.125,-0.06199186992,0.0390625,0.04444444444,-0.01616161616,-0.1828282828,"Honolulu, HI",46520,2026-01-12 14:43:38.223 Z
2023-02-01,2023-02-28,30,place,6,31668,False,"East Honolulu, HI",East Honolulu,Hawaii,HI,Single Family Residential,6,1937000.0,0.4618867925,-0.0290726817,1499500.0,0.3884259259,0.1107407407,900.842840902,0.06735346924,0.1091440427,853.242320819,0.1066734442,0.1363867408,20.0,0.8181818182,-0.1304347826,18.0,0.3846153846,-0.3571428571,18.0,-0.05263157895,-0.5263157895,66.0,0.0,-0.09589041096,3.3,-2.7,0.1,82.0,29.0,26.0,0.9821498368,-0.01252316176,-0.07717989398,0.2,-0.2545454545,-0.452173913,0.1666666667,0.01515151515,0.1118721461,0.1111111111,0.03418803419,-0.06746031746,"Honolulu, HI",46520,2026-01-12 14:43:38.223 Z
2023-02-01,2023-02-28,30,place,6,31668,False,"East Honolulu, HI",East Honolulu,Hawaii,HI,All Residential,-1,1437500.0,0.1782786885,-0.04326123128,1499500.0,0.3884259259,0.1107407407,776.479378421,0.0971501587,-0.01282392884,853.242320819,0.1066734442,0.1363867408,32.0,0.8823529412,-0.1111111111,33.0,0.32,-0.2666666667,31.0,-0.2790697674,-0.4833333333,123.0,-0.03149606299,-0.09558823529,3.8,-3.7,0.0,54.0,-16.0,-2.0,0.9841216684,0.003998261457,-0.06468764537,0.1875,-0.1066176471,-0.3958333333,0.1869918699,0.005889507714,0.150227164,0.06060606061,-0.01939393939,-0.1616161616,"Honolulu, HI",46520,2026-01-12 14:43:38.223 Z
2023-02-01,2023-02-28,30,place,6,31668,False,"East Honolulu, HI",East Honolulu,Hawaii,HI,Condo/Co-op,3,774500.0,0.1824427481,0.03266666667,1499500.0,0.3884259259,0.1107407407,649.101396313,0.02325255976,0.07997729252,853.242320819,0.1066734442,0.1363867408,12.0,1.0,-0.07692307692,15.0,0.25,-0.1176470588,13.0,-0.4583333333,-0.4090909091,57.0,-0.06557377049,-0.09523809524,4.8,-5.4,0.0,40.0,-56.0,-32.0,0.9874080546,0.03395889875,-0.04278821389,0.1666666667,0.1666666667,-0.2948717949,0.2105263158,-0.002588438309,0.1946532999,0.0,-0.08333333333,-0.2941176471,"Honolulu, HI",46520,2026-01-12 14:43:38.223 Z
2023-01-01,2023-01-31,30,place,6,31668,False,"East Honolulu, HI",East Honolulu,Hawaii,HI,Single Family Residential,6,1325000.0,-0.171875,-0.0518783542,1080000.0,0.05211885046,-0.1755725191,843.996732916,0.07539566687,-0.03405559274,770.997375328,0.1524242414,0.001417316351,11.0,-0.45,-0.6333333333,13.0,-0.4090909091,-0.48,19.0,0.7272727273,-0.24,66.0,0.08196721311,0.01538461538,6.0,2.9,3.8,53.0,0.0,3.0,0.9946729985,0.02637455113,-0.05377896245,0.4545454545,0.2545454545,-0.1454545455,0.1515151515,-0.01241927471,0.07459207459,0.07692307692,-0.05944055944,-0.08307692308,"Honolulu, HI",46520,2026-01-12 14:43:38.223 Z
2023-01-01,2023-01-31,30,place,6,31668,False,"East Honolulu, HI",East Honolulu,Hawaii,HI,Condo/Co-op,3,655000.0,-0.2722222222,-0.2060606061,1080000.0,0.05211885046,-0.1755725191,634.351109235,0.1418319966,-0.03902555367,770.997375328,0.1524242414,0.001417316351,6.0,-0.1428571429,-0.7142857143,12.0,1.0,-0.3684210526,24.0,0.6,0.4117647059,61.0,0.22,0.05172413793,10.2,3.1,7.4,96.0,26.0,49.0,0.9534491558,-0.03275382696,-0.06979769092,0.0,-0.4285714286,-0.5238095238,0.2131147541,0.1331147541,0.1613906162,0.08333333333,0.08333333333,-0.02192982456,"Honolulu, HI",46520,2026-01-12 14:43:38.223 Z
2023-01-01,2023-01-31,30,place,6,31668,False,"East Honolulu, HI",East Honolulu,Hawaii,HI,All Residential,-1,1220000.0,-0.07993966817,-0.06153846154,1080000.0,0.05211885046,-0.1755725191,707.723890172,0.00627408113,-0.1035497391,770.997375328,0.1524242414,0.001417316351,17.0,-0.3703703704,-0.6666666667,25.0,-0.1071428571,-0.4318181818,43.0,0.6538461538,0.02380952381,127.0,0.1441441441,0.0325203252,7.5,3.4,5.1,70.0,7.0,21.0,0.980123407,0.007183043008,-0.05794997755,0.2941176471,0.0348583878,-0.2745098039,0.1811023622,0.05497623608,0.1160617118,0.08,-0.02714285714,-0.05636363636,"Honolulu, HI",46520,2026-01-12 14:43:38.223 Z
2022-12-01,2022-12-31,30,place,6,31668,False,"East Honolulu, HI",East Honolulu,Hawaii,HI,All Residential,-1,1326000.0,-0.04259927798,-0.03563636364,1026500.0,-0.2561594203,-0.2252830189,703.311258278,-0.1116293846,-0.03854572393,669.022177437,-0.1392395714,-0.08690960317,27.0,-0.25,-0.5909090909,28.0,-0.2432432432,-0.5692307692,26.0,-0.2972972973,-0.380952381,111.0,-0.01769911504,-0.119047619,4.1,1.0,2.2,63.0,-11.0,15.0,0.972940364,-0.007811696392,-0.05546239225,0.2592592593,-0.01851851852,-0.3164983165,0.1261261261,-0.07741369688,0.08644358644,0.1071428571,0.1071428571,-0.03131868132,"Honolulu, HI",46520,2026-01-12 14:43:38.223 Z
2022-12-01,2022-12-31,30,place,6,31668,False,"East Honolulu, HI",East Honolulu,Hawaii,HI,Condo/Co-op,3,900000.0,0.4563106796,0.3432835821,1026500.0,-0.2561594203,-0.2252830189,555.555555556,-0.2222222222,-0.1588235294,669.022177437,-0.1392395714,-0.08690960317,7.0,-0.4615384615,-0.6666666667,6.0,-0.6,-0.7142857143,15.0,0.25,0.07142857143,50.0,0.2195121951,-0.1525423729,7.1,3.9,4.3,70.0,-6.0,44.0,0.9862029828,-0.004474453432,-0.05472352801,0.4285714286,0.2747252747,-0.3333333333,0.08,-0.2370731707,0.04610169492,0.0,0.0,-0.1428571429,"Honolulu, HI",46520,2026-01-12 14:43:38.223 Z
2022-12-01,2022-12-31,30,place,6,31668,False,"East Honolulu, HI",East Honolulu,Hawaii,HI,Single Family Residential,6,1600000.0,-0.1111111111,-0.04761904762,1026500.0,-0.2561594203,-0.2252830189,784.824375733,-0.1360653272,-0.01077247574,669.022177437,-0.1392395714,-0.08690960317,20.0,-0.1304347826,-0.5555555556,22.0,0.0,-0.5,11.0,-0.56,-0.6071428571,61.0,-0.1527777778,-0.08955223881,3.1,0.0,1.6,53.0,-4.0,-1.0,0.9682984474,-0.006843617926,-0.05425989003,0.2,-0.147826087,-0.2888888889,0.1639344262,0.02504553734,0.1191583068,0.1363636364,0.1363636364,0.0,"Honolulu, HI",46520,2026-01-12 14:43:38.223 Z
